M;Nit;alpha;Nrun
24;80;0.01;5
24;80;0.01;25
24;80;0.01;50
24;80;0.01;100
24;80;0.01;150
24;80;0.01;200
24;5;0.01;80
24;10;0.01;80
24;50;0.01;80
24;100;0.01;80
24;125;0.01;80
12;80;0.01;80
24;80;0.01;80
46;80;0.01;80
120;80;0.01;80
240;80;0.01;80
24;80;0.01;80
24;80;0.001;80
24;80;0.0001;80
24;80;0.000001;80
24;80;0.00000001;80
